Nosaukums,Cena,Saite
GLOSTAD,40 €,https://www.ikea.lv/lv/products/viesistabas-sedmebeles/divani/divani/glostad-kaju-solins-art-20573286
GLOSTAD,129 €,https://www.ikea.lv/lv/products/viesistabas-sedmebeles/divani/divani/glostad-divvietigs-divans-art-50489012
GLOSTAD,169 €,https://www.ikea.lv/lv/products/viesistabas-sedmebeles/divani/divani/glostad-divvietigs-divans-ar-zvilni-spr-49543920
LILLEHEM,15 €,https://www.ikea.lv/lv/products/viesistabas-sedmebeles/divani/divani/lillehem-vienvietiga-modula-parvalks-art-00519587
LILLEHEM,10 €,https://www.ikea.lv/lv/products/viesistabas-sedmebeles/divani/divani/lillehem-roku-balsta-parvalks-art-00519605
LILLEHEM,20 €,https://www.ikea.lv/lv/products/viesistabas-sedmebeles/divani/divani/lillehem-divvietiga-modula-parvalks-art-00519667
LILLEHEM,50 €,https://www.ikea.lv/lv/products/viesistabas-sedmebeles/divani/divani/lillehem-divvietiga-modula-parvalks-art-00519672
KLAGSHAMN,30 €,https://www.ikea.lv/lv/products/viesistabas-sedmebeles/divani/izvelkamie-divani/klagshamn-atzveltnes-spilvena-parvalks-art-00551167
EKHOLMA,169 €,https://www.ikea.lv/lv/products/viesistabas-sedmebeles/divani/divani/ekholma-trisvietiga-divana-parvalks-art-00572179
ÄPPLARYD,1049 €,https://www.ikea.lv/lv/products/viesistabas-sedmebeles/divani/divani/applaryd-cetrvietigs-divans-ar-zvilni-spr-09528177
EKHOLMA,429 €,https://www.ikea.lv/lv/products/viesistabas-sedmebeles/divani/divani/ekholma-trisvietigs-divans-spr-09535597
LILLEHEM,877 €,https://www.ikea.lv/lv/products/viesistabas-sedmebeles/divani/divani/lillehem-cetrvietigs-stura-modulu-divans-spr-09536163
KLIPPAN,259 €,https://www.ikea.lv/lv/products/viesistabas-sedmebeles/divani/divani/klippan-divvietigs-divans-spr-09564288
LILLEHEM,613 €,https://www.ikea.lv/lv/products/viesistabas-sedmebeles/divani/divani/lillehem-trisvietigs-modulu-divans-ar-zvilni-spr-09568272
LILLEHEM,602.99 €,https://www.ikea.lv/lv/products/viesistabas-sedmebeles/divani/divani/lillehem-trisviet-modulu-divans-ar-galdinu-spr-09569747
LILLEHEM,15 €,https://www.ikea.lv/lv/products/viesistabas-sedmebeles/divani/divani/lillehem-roku-balsta-parvalks-art-10519596
EKHOLMA,139 €,https://www.ikea.lv/lv/products/viesistabas-sedmebeles/divani/divani/ekholma-divvietiga-divana-parvalks-art-10572145
LILLEHEM,339 €,https://www.ikea.lv/lv/products/viesistabas-sedmebeles/divani/divani/lillehem-divvietigs-modulu-divans-spr-19471279
ROCKSJÖN,209 €,https://www.ikea.lv/lv/products/viesistabas-sedmebeles/divani/divani/rocksjon-divvietigs-divans-spr-19508857
ROCKSJÖN,229 €,https://www.ikea.lv/lv/products/viesistabas-sedmebeles/divani/divani/rocksjon-divvietigs-divans-spr-19514698
FRIHETEN,489 €,https://www.ikea.lv/lv/products/viesistabas-sedmebeles/divani/izvelkamie-divani/friheten-stura-gulamdiv-ar-mantu-glab-spr-19517041
ÄPPLARYD,969 €,https://www.ikea.lv/lv/products/viesistabas-sedmebeles/divani/divani/applaryd-trisvietigs-divans-ar-zvilni-spr-19528167
ÄPPLARYD,949 €,https://www.ikea.lv/lv/products/viesistabas-sedmebeles/divani/divani/applaryd-trisvietigs-divans-ar-zvilni-spr-19528172
EKHOLMA,309 €,https://www.ikea.lv/lv/products/viesistabas-sedmebeles/divani/divani/ekholma-divvietigs-divans-spr-19535587
LILLEHEM,279 €,https://www.ikea.lv/lv/products/viesistabas-sedmebeles/divani/divani/lillehem-divvietigs-modulis-spr-19535993
LILLEHEM,668 €,https://www.ikea.lv/lv/products/viesistabas-sedmebeles/divani/divani/lillehem-cetrvietigs-modulu-divans-spr-19536025
LILLEHEM,532.99 €,https://www.ikea.lv/lv/products/viesistabas-sedmebeles/divani/divani/lillehem-trisviet-modulu-divans-ar-galdinu-spr-19536266
LILLEHEM,423 €,https://www.ikea.lv/lv/products/viesistabas-sedmebeles/divani/divani/lillehem-divvietigs-modulu-stura-divans-spr-19536285
LYCKSELE HÅVET,359 €,https://www.ikea.lv/lv/products/viesistabas-sedmebeles/divani/izvelkamie-divani/lycksele-havet-divvietigs-gulamdivans-spr-19561699
KLIPPAN,29 €,https://www.ikea.lv/lv/products/viesistabas-sedmebeles/divani/divani/klippan-divvietiga-divana-parvalks-art-20567266
ÄPPLARYD,649 €,https://www.ikea.lv/lv/products/viesistabas-sedmebeles/divani/divani/applaryd-divvietigs-divans-art-20575068
FRIHETEN,489 €,https://www.ikea.lv/lv/products/viesistabas-sedmebeles/divani/izvelkamie-divani/friheten-stura-gulamdiv-ar-mantu-glab-spr-29517045
FRIHETEN,569 €,https://www.ikea.lv/lv/products/viesistabas-sedmebeles/divani/izvelkamie-divani/friheten-stura-gulamdiv-ar-mantu-glab-spr-29520241
EKHOLMA,429 €,https://www.ikea.lv/lv/products/viesistabas-sedmebeles/divani/divani/ekholma-trisvietigs-divans-spr-29535596
LILLEHEM,837 €,https://www.ikea.lv/lv/products/viesistabas-sedmebeles/divani/divani/lillehem-sesvietigs-modulu-divans-spr-29536195
LILLEHEM,423 €,https://www.ikea.lv/lv/products/viesistabas-sedmebeles/divani/divani/lillehem-divvietigs-modulu-stura-divans-spr-29536280
LILLEHEM,889.99 €,https://www.ikea.lv/lv/products/viesistabas-sedmebeles/divani/divani/lillehem-sesvietigs-modulu-divans-ar-galdinu-spr-29553482
LILLEHEM,427.99 €,https://www.ikea.lv/lv/products/viesistabas-sedmebeles/divani/divani/lillehem-divvietigs-modulu-divans-ar-galdinu-spr-29569746
LILLEHEM,532.99 €,https://www.ikea.lv/lv/products/viesistabas-sedmebeles/divani/divani/lillehem-trisviet-modulu-divans-ar-galdinu-spr-29569751
ROCKSJÖN,39 €,https://www.ikea.lv/lv/products/viesistabas-sedmebeles/divani/divani/rocksjon-divvietiga-divana-parvalks-art-30557224
